{
    "comparison": {
        "exist": true,
        "instance": {
            "bks": 518,
            "name": "RAIL2586"
        },
        "results": [
            {
                "config": {
                    "rwls_stopping_criterion": {
                        "steps": 18446744073709551615,
                        "time": 360.0
                    },
                    "stopping_criterion": {
                        "generation": 10,
                        "rwls_cumulative_position": {
                            "steps": 18446744073709551615,
                            "time": 1.8446744073709552e+19
                        },
                        "time": 1.8446744073709552e+19
                    }
                },
                "crossover_operator": "merge",
                "result": {
                    "average": 550.0,
                    "best": 550,
                    "best_number": 1,
                    "exist": true,
                    "generations": 7.0,
                    "steps": 1937396.0,
                    "time": 11981.013172224,
                    "total_number": 1
                }
            },
            {
                "config": {
                    "rwls_stopping_criterion": {
                        "steps": 18446744073709551615,
                        "time": 360.0
                    },
                    "stopping_criterion": {
                        "generation": 10,
                        "rwls_cumulative_position": {
                            "steps": 18446744073709551615,
                            "time": 1.8446744073709552e+19
                        },
                        "time": 1.8446744073709552e+19
                    }
                },
                "crossover_operator": "greedy\\_merge",
                "result": {
                    "average": 551.0,
                    "best": 551,
                    "best_number": 2,
                    "exist": true,
                    "generations": 6.0,
                    "steps": 1612997.0,
                    "time": 12238.100417919999,
                    "total_number": 2
                }
            },
            {
                "config": {
                    "rwls_stopping_criterion": {
                        "steps": 18446744073709551615,
                        "time": 360.0
                    },
                    "stopping_criterion": {
                        "generation": 10,
                        "rwls_cumulative_position": {
                            "steps": 18446744073709551615,
                            "time": 1.8446744073709552e+19
                        },
                        "time": 1.8446744073709552e+19
                    }
                },
                "crossover_operator": "subproblem\\_greedy",
                "result": {
                    "average": 561.0,
                    "best": 561,
                    "best_number": 1,
                    "exist": true,
                    "generations": 4.0,
                    "steps": 425381.0,
                    "time": 20353.198412544,
                    "total_number": 1
                }
            },
            {
                "config": {
                    "rwls_stopping_criterion": {
                        "steps": 18446744073709551615,
                        "time": 36.0
                    },
                    "stopping_criterion": {
                        "generation": 100,
                        "rwls_cumulative_position": {
                            "steps": 18446744073709551615,
                            "time": 1.8446744073709552e+19
                        },
                        "time": 1.8446744073709552e+19
                    }
                },
                "crossover_operator": "merge",
                "result": {
                    "average": 591.0,
                    "best": 578,
                    "best_number": 1,
                    "exist": true,
                    "generations": 45.0,
                    "steps": 1333365.0,
                    "time": 10993.758029056,
                    "total_number": 2
                }
            },
            {
                "config": {
                    "rwls_stopping_criterion": {
                        "steps": 18446744073709551615,
                        "time": 36.0
                    },
                    "stopping_criterion": {
                        "generation": 100,
                        "rwls_cumulative_position": {
                            "steps": 18446744073709551615,
                            "time": 1.8446744073709552e+19
                        },
                        "time": 1.8446744073709552e+19
                    }
                },
                "crossover_operator": "subproblem\\_greedy",
                "result": {
                    "average": 580.0,
                    "best": 580,
                    "best_number": 1,
                    "exist": true,
                    "generations": 7.0,
                    "steps": 200821.0,
                    "time": 7982.074528512,
                    "total_number": 1
                }
            },
            {
                "config": {
                    "rwls_stopping_criterion": {
                        "steps": 18446744073709551615,
                        "time": 36.0
                    },
                    "stopping_criterion": {
                        "generation": 100,
                        "rwls_cumulative_position": {
                            "steps": 18446744073709551615,
                            "time": 1.8446744073709552e+19
                        },
                        "time": 1.8446744073709552e+19
                    }
                },
                "crossover_operator": "subproblem\\_random",
                "result": {
                    "average": 582.0,
                    "best": 582,
                    "best_number": 2,
                    "exist": true,
                    "generations": 10.0,
                    "steps": 274707.5,
                    "time": 8429.75137536,
                    "total_number": 2
                }
            },
            {
                "config": {
                    "rwls_stopping_criterion": {
                        "steps": 18446744073709551615,
                        "time": 3.0
                    },
                    "stopping_criterion": {
                        "generation": 1000,
                        "rwls_cumulative_position": {
                            "steps": 18446744073709551615,
                            "time": 1.8446744073709552e+19
                        },
                        "time": 1.8446744073709552e+19
                    }
                },
                "crossover_operator": "subproblem\\_greedy",
                "result": {
                    "average": 598.0,
                    "best": 598,
                    "best_number": 1,
                    "exist": true,
                    "generations": 714.0,
                    "steps": 1712201.0,
                    "time": 11858.11747712,
                    "total_number": 1
                }
            },
            {
                "config": {
                    "rwls_stopping_criterion": {
                        "steps": 18446744073709551615,
                        "time": 36.0
                    },
                    "stopping_criterion": {
                        "generation": 100,
                        "rwls_cumulative_position": {
                            "steps": 18446744073709551615,
                            "time": 1.8446744073709552e+19
                        },
                        "time": 1.8446744073709552e+19
                    }
                },
                "crossover_operator": "greedy\\_merge",
                "result": {
                    "average": 599.0,
                    "best": 599,