{
    "comparison": {
        "exist": true,
        "instance": {
            "bks": 1798,
            "name": "CYC10"
        },
        "results": [
            {
                "config": {
                    "rwls_stopping_criterion": {
                        "steps": 5000000,
                        "time": 1.8446744073709552e+19
                    },
                    "stopping_criterion": {
                        "generation": 10,
                        "rwls_cumulative_position": {
                            "steps": 18446744073709551615,
                            "time": 1.8446744073709552e+19
                        },
                        "time": 1.8446744073709552e+19
                    }
                },
                "crossover_operator": "merge",
                "result": {
                    "average": 1798.0,
                    "best": 1796,
                    "best_number": 1,
                    "exist": true,
                    "generations": 8.0,
                    "steps": 81672992.0,
                    "time": 7161.461893888,
                    "total_number": 2
                }
            },
            {
                "config": {
                    "rwls_stopping_criterion": {
                        "steps": 5000000,
                        "time": 1.8446744073709552e+19
                    },
                    "stopping_criterion": {
                        "generation": 10,
                        "rwls_cumulative_position": {
                            "steps": 18446744073709551615,
                            "time": 1.8446744073709552e+19
                        },
                        "time": 1.8446744073709552e+19
                    }
                },
                "crossover_operator": "greedy\\_merge",
                "result": {
                    "average": 1798.0,
                    "best": 1798,
                    "best_number": 1,
                    "exist": true,
                    "generations": 2.0,
                    "steps": 23179079.0,
                    "time": 979.550615296,
                    "total_number": 1
                }
            },
            {
                "config": {
                    "rwls_stopping_criterion": {
                        "steps": 5000000,
                        "time": 1.8446744073709552e+19
                    },
                    "stopping_criterion": {
                        "generation": 10,
                        "rwls_cumulative_position": {
                            "steps": 18446744073709551615,
                            "time": 1.8446744073709552e+19
                        },
                        "time": 1.8446744073709552e+19
                    }
                },
                "crossover_operator": "subproblem\\_random",
                "result": {
                    "average": 1800.0,
                    "best": 1800,
                    "best_number": 2,
                    "exist": true,
                    "generations": 3.5,
                    "steps": 37882172.5,
                    "time": 1536.330022016,
                    "total_number": 2
                }
            },
            {
                "config": {
                    "rwls_stopping_criterion": {
                        "steps": 5000000,
                        "time": 1.8446744073709552e+19
                    },
                    "stopping_criterion": {
                        "generation": 10,
                        "rwls_cumulative_position": {
                            "steps": 18446744073709551615,
                            "time": 1.8446744073709552e+19
                        },
                        "time": 1.8446744073709552e+19
                    }
                },
                "crossover_operator": "subproblem\\_greedy",
                "result": {
                    "average": 1800.0,
                    "best": 1800,
                    "best_number": 2,
                    "exist": true,
                    "generations": 5.5,
                    "steps": 57040968.0,
                    "time": 1957.3923962879999,
                    "total_number": 2
                }
            },
            {
                "config": {
                    "rwls_stopping_criterion": {
                        "steps": 500000,
                        "time": 1.8446744073709552e+19
                    },
                    "stopping_criterion": {
                        "generation": 100,
                        "rwls_cumulative_position": {
                            "steps": 18446744073709551615,
                            "time": 1.8446744073709552e+19
                        },
                        "time": 1.8446744073709552e+19
                    }
                },
                "crossover_operator": "greedy\\_merge",
                "result": {
                    "average": 1804.0,
                    "best": 1804,
                    "best_number": 1,
                    "exist": true,
                    "generations": 15.0,
                    "steps": 15455597.0,
                    "time": 513.72704384,
                    "total_number": 1
                }
            },
            {
                "config": {
                    "rwls_stopping_criterion": {
                        "steps": 500000,
                        "time": 1.8446744073709552e+19
                    },
                    "stopping_criterion": {
                        "generation": 100,
                        "rwls_cumulative_position": {
                            "steps": 18446744073709551615,
                            "time": 1.8446744073709552e+19
                        },
                        "time": 1.8446744073709552e+19
                    }
                },
                "crossover_operator": "subproblem\\_greedy",
                "result": {
                    "average": 1804.0,
                    "best": 1804,
                    "best_number": 1,
                    "exist": true,
                    "generations": 19.0,
                    "steps": 19455478.0,
                    "time": 1433.446958848,
                    "total_number": 1
                }
            },
            {
                "config": {
                    "rwls_stopping_criterion": {
                        "steps": 500000,
                        "time": 1.8446744073709552e+19
                    },
                    "stopping_criterion": {
                        "generation": 100,
                        "rwls_cumulative_position": {
                            "steps": 18446744073709551615,
                            "time": 1.8446744073709552e+19
                        },
                        "time": 1.8446744073709552e+19
                    }
                },
                "crossover_operator": "merge",
                "result": {
                    "average": 1805.0,
                    "best": 1804,
                    "best_number": 1,
                    "exist": true,
                    "generations": 43.0,
                    "steps": 43470900.0,
                    "time": 1345.177404416,
                    "total_number": 2
                }
            },
            {
                "config": {
                    "rwls_stopping_criterion": {
                        "steps": 500000,
                        "time": 1.8446744073709552e+19
                    },
                    "stopping_criterion": {
                        "generation": 100,
                        "rwls_cumulative_position": {
                            "steps": 18446744073709551615,
                            "time": 1.8446744073709552e+19
                        },
                        "time": 1.8446744073709552e+19
                    }
                },
                "crossover_operator": "subproblem\\_random",
                "result": {
                    "average": 1806.0,