{
    "comparison": {
        "exist": true,
        "instance": {
            "bks": 34,
            "name": "NRH.2"
        },
        "results": [
            {
                "config": {
                    "rwls_stopping_criterion": {
                        "steps": 150000,
                        "time": 1.8446744073709552e+19
                    },
                    "stopping_criterion": {
                        "generation": 101,
                        "rwls_cumulative_position": {
                            "steps": 18446744073709551615,
                            "time": 1.8446744073709552e+19
                        },
                        "time": 1.8446744073709552e+19
                    }
                },
                "crossover_operator": "subproblem\\_greedy",
                "result": {
                    "average": 33.970873786407765,
                    "best": 33,
                    "best_number": 4,
                    "exist": true,
                    "generations": 40.75,
                    "steps": 12287758.5,
                    "time": 822.865262592,
                    "total_number": 103
                },
                "wcrossover_operator": "mix\\_random"
            },
            {
                "config": {
                    "rwls_stopping_criterion": {
                        "steps": 150000,
                        "time": 1.8446744073709552e+19
                    },
                    "stopping_criterion": {
                        "generation": 101,
                        "rwls_cumulative_position": {
                            "steps": 18446744073709551615,
                            "time": 1.8446744073709552e+19
                        },
                        "time": 1.8446744073709552e+19
                    }
                },
                "crossover_operator": "identity",
                "result": {
                    "average": 34.01904761904762,
                    "best": 33,
                    "best_number": 2,
                    "exist": true,
                    "generations": 51.0,
                    "steps": 15303587.5,
                    "time": 1041.173736576,
                    "total_number": 105
                },
                "wcrossover_operator": "average"
            },
            {
                "config": {
                    "rwls_stopping_criterion": {
                        "steps": 150000,
                        "time": 1.8446744073709552e+19
                    },
                    "stopping_criterion": {
                        "generation": 101,
                        "rwls_cumulative_position": {
                            "steps": 18446744073709551615,
                            "time": 1.8446744073709552e+19
                        },
                        "time": 1.8446744073709552e+19
                    }
                },
                "crossover_operator": "subproblem\\_greedy",
                "result": {
                    "average": 34.01923076923078,
                    "best": 33,
                    "best_number": 1,
                    "exist": true,
                    "generations": 17.0,
                    "steps": 5129086.0,
                    "time": 382.802724096,
                    "total_number": 104
                },
                "wcrossover_operator": "keep"
            },
            {
                "config": {
                    "rwls_stopping_criterion": {
                        "steps": 150000,
                        "time": 1.8446744073709552e+19
                    },
                    "stopping_criterion": {
                        "generation": 101,
                        "rwls_cumulative_position": {
                            "steps": 18446744073709551615,
                            "time": 1.8446744073709552e+19
                        },
                        "time": 1.8446744073709552e+19
                    }
                },
                "crossover_operator": "subproblem\\_greedy",
                "result": {
                    "average": 34.009174311926614,
                    "best": 33,
                    "best_number": 1,
                    "exist": true,
                    "generations": 38.0,
                    "steps": 11414428.0,
                    "time": 484.852910848,
                    "total_number": 109
                },
                "wcrossover_operator": "average"
            },
            {
                "config": {
                    "rwls_stopping_criterion": {
                        "steps": 150000,
                        "time": 1.8446744073709552e+19
                    },
                    "stopping_criterion": {
                        "generation": 101,
                        "rwls_cumulative_position": {
                            "steps": 18446744073709551615,
                            "time": 1.8446744073709552e+19
                        },
                        "time": 1.8446744073709552e+19
                    }
                },
                "crossover_operator": "identity",
                "result": {
                    "average": 34.0,
                    "best": 33,
                    "best_number": 1,
                    "exist": true,
                    "generations": 64.0,
                    "steps": 19202990.0,
                    "time": 3351.261490432,
                    "total_number": 104
                },
                "wcrossover_operator": "keep"
            },
            {
                "config": {
                    "rwls_stopping_criterion": {
                        "steps": 150000,
                        "time": 1.8446744073709552e+19
                    },
                    "stopping_criterion": {
                        "generation": 101,
                        "rwls_cumulative_position": {
                            "steps": 18446744073709551615,
                            "time": 1.8446744073709552e+19
                        },
                        "time": 1.8446744073709552e+19
                    }
                },
                "crossover_operator": "subproblem\\_greedy",
                "result": {
                    "average": 34.067307692307686,
                    "best": 33,
                    "best_number": 1,
                    "exist": true,
                    "generations": 86.0,
                    "steps": 25882902.0,
                    "time": 1175.965900288,
                    "total_number": 104
                },
                "wcrossover_operator": "reset"
            },
            {
                "config": {
                    "rwls_stopping_criterion": {
                        "steps": 150000,
                        "time": 1.8446744073709552e+19
                    },
                    "stopping_criterion": {
                        "generation": 101,
                        "rwls_cumulative_position": {
                            "steps": 18446744073709551615,
                            "time": 1.8446744073709552e+19
                        },
                        "time": 1.8446744073709552e+19
                    }
                },
                "crossover_operator": "identity",
                "result": {
                    "average": 34.0,
                    "best": 34,
                    "best_number": 104,
                    "exist": true,
                    "generations": 21.971153846153847,
                    "steps": 6670184.586538462,
                    "time": 393.02860399507694,
                    "total_number": 104
                },
                "wcrossover_operator": "mix\\_random"
            },
            {
                "config": {
                    "rwls_stopping_criterion": {
                        "steps": 150000,
                        "time": 1.8446744073709552e+19
                    },