{
    "comparison": {
        "exist": true,
        "instance": {
            "bks": 34,
            "name": "NRH.1"
        },
        "results": [
            {
                "config": {
                    "rwls_stopping_criterion": {
                        "steps": 150000,
                        "time": 1.8446744073709552e+19
                    },
                    "stopping_criterion": {
                        "generation": 101,
                        "rwls_cumulative_position": {
                            "steps": 18446744073709551615,
                            "time": 1.8446744073709552e+19
                        },
                        "time": 1.8446744073709552e+19
                    }
                },
                "crossover_operator": "subproblem\\_greedy",
                "result": {
                    "average": 33.98165137614678,
                    "best": 33,
                    "best_number": 2,
                    "exist": true,
                    "generations": 61.0,
                    "steps": 18369412.0,
                    "time": 2109.6764273920003,
                    "total_number": 109
                },
                "wcrossover_operator": "average"
            },
            {
                "config": {
                    "rwls_stopping_criterion": {
                        "steps": 150000,
                        "time": 1.8446744073709552e+19
                    },
                    "stopping_criterion": {
                        "generation": 101,
                        "rwls_cumulative_position": {
                            "steps": 18446744073709551615,
                            "time": 1.8446744073709552e+19
                        },
                        "time": 1.8446744073709552e+19
                    }
                },
                "crossover_operator": "identity",
                "result": {
                    "average": 34.02884615384616,
                    "best": 33,
                    "best_number": 2,
                    "exist": true,
                    "generations": 74.0,
                    "steps": 22234548.0,
                    "time": 1351.887057792,
                    "total_number": 104
                },
                "wcrossover_operator": "mix\\_random"
            },
            {
                "config": {
                    "rwls_stopping_criterion": {
                        "steps": 150000,
                        "time": 1.8446744073709552e+19
                    },
                    "stopping_criterion": {
                        "generation": 101,
                        "rwls_cumulative_position": {
                            "steps": 18446744073709551615,
                            "time": 1.8446744073709552e+19
                        },
                        "time": 1.8446744073709552e+19
                    }
                },
                "crossover_operator": "identity",
                "result": {
                    "average": 33.99999999999999,
                    "best": 33,
                    "best_number": 1,
                    "exist": true,
                    "generations": 32.0,
                    "steps": 9600020.0,
                    "time": 706.862047488,
                    "total_number": 105
                },
                "wcrossover_operator": "keep"
            },
            {
                "config": {
                    "rwls_stopping_criterion": {
                        "steps": 150000,
                        "time": 1.8446744073709552e+19
                    },
                    "stopping_criterion": {
                        "generation": 101,
                        "rwls_cumulative_position": {
                            "steps": 18446744073709551615,
                            "time": 1.8446744073709552e+19
                        },
                        "time": 1.8446744073709552e+19
                    }
                },
                "crossover_operator": "identity",
                "result": {
                    "average": 34.0,
                    "best": 34,
                    "best_number": 104,
                    "exist": true,
                    "generations": 23.38461538461538,
                    "steps": 7087200.374999999,
                    "time": 514.339625636923,
                    "total_number": 104
                },
                "wcrossover_operator": "average"
            },
            {
                "config": {
                    "rwls_stopping_criterion": {
                        "steps": 150000,
                        "time": 1.8446744073709552e+19
                    },
                    "stopping_criterion": {
                        "generation": 101,
                        "rwls_cumulative_position": {
                            "steps": 18446744073709551615,
                            "time": 1.8446744073709552e+19
                        },
                        "time": 1.8446744073709552e+19
                    }
                },
                "crossover_operator": "subproblem\\_greedy",
                "result": {
                    "average": 34.00970873786409,
                    "best": 34,
                    "best_number": 102,
                    "exist": true,
                    "generations": 17.74509803921568,
                    "steps": 5401834.76470588,
                    "time": 351.4867770051766,
                    "total_number": 103
                },
                "wcrossover_operator": "mix\\_random"
            },
            {
                "config": {
                    "rwls_stopping_criterion": {
                        "steps": 150000,
                        "time": 1.8446744073709552e+19
                    },
                    "stopping_criterion": {
                        "generation": 101,
                        "rwls_cumulative_position": {
                            "steps": 18446744073709551615,
                            "time": 1.8446744073709552e+19
                        },
                        "time": 1.8446744073709552e+19
                    }
                },
                "crossover_operator": "subproblem\\_greedy",
                "result": {
                    "average": 34.01923076923077,
                    "best": 34,
                    "best_number": 102,
                    "exist": true,
                    "generations": 22.13725490196079,
                    "steps": 6716912.696078432,
                    "time": 482.81336648031385,
                    "total_number": 104
                },
                "wcrossover_operator": "keep"
            },
            {
                "config": {
                    "rwls_stopping_criterion": {
                        "steps": 150000,
                        "time": 1.8446744073709552e+19
                    },
                    "stopping_criterion": {
                        "generation": 101,
                        "rwls_cumulative_position": {
                            "steps": 18446744073709551615,
                            "time": 1.8446744073709552e+19
                        },
                        "time": 1.8446744073709552e+19
                    }
                },
                "crossover_operator": "identity",
                "result": {
                    "average": 34.066666666666684,
                    "best": 34,
                    "best_number": 98,
                    "exist": true,
                    "generations": 31.469387755102037,
                    "steps": 9540656.244897956,
                    "time": 635.9546002390206,
                    "total_number": 105
                },
                "wcrossover_operator": "reset"
            },
            {
                "config": {
                    "rwls_stopping_criterion": {
                        "steps": 150000,