{
    "comparison": {
        "exist": true,
        "instance": {
            "bks": 34,
            "name": "NRH.4"
        },
        "results": [
            {
                "config": {
                    "rwls_stopping_criterion": {
                        "steps": 150000,
                        "time": 1.8446744073709552e+19
                    },
                    "stopping_criterion": {
                        "generation": 101,
                        "rwls_cumulative_position": {
                            "steps": 18446744073709551615,
                            "time": 1.8446744073709552e+19
                        },
                        "time": 1.8446744073709552e+19
                    }
                },
                "crossover_operator": "identity",
                "result": {
                    "average": 34.0,
                    "best": 33,
                    "best_number": 2,
                    "exist": true,
                    "generations": 48.5,
                    "steps": 14585554.5,
                    "time": 1085.50463552,
                    "total_number": 103
                },
                "wcrossover_operator": "mix\\_random"
            },
            {
                "config": {
                    "rwls_stopping_criterion": {
                        "steps": 150000,
                        "time": 1.8446744073709552e+19
                    },
                    "stopping_criterion": {
                        "generation": 101,
                        "rwls_cumulative_position": {
                            "steps": 18446744073709551615,
                            "time": 1.8446744073709552e+19
                        },
                        "time": 1.8446744073709552e+19
                    }
                },
                "crossover_operator": "identity",
                "result": {
                    "average": 34.0095238095238,
                    "best": 33,
                    "best_number": 2,
                    "exist": true,
                    "generations": 56.5,
                    "steps": 16957104.5,
                    "time": 1266.028110464,
                    "total_number": 105
                },
                "wcrossover_operator": "average"
            },
            {
                "config": {
                    "rwls_stopping_criterion": {
                        "steps": 150000,
                        "time": 1.8446744073709552e+19
                    },
                    "stopping_criterion": {
                        "generation": 101,
                        "rwls_cumulative_position": {
                            "steps": 18446744073709551615,
                            "time": 1.8446744073709552e+19
                        },
                        "time": 1.8446744073709552e+19
                    }
                },
                "crossover_operator": "subproblem\\_greedy",
                "result": {
                    "average": 33.99038461538461,
                    "best": 33,
                    "best_number": 2,
                    "exist": true,
                    "generations": 61.5,
                    "steps": 18537647.5,
                    "time": 799.584322176,
                    "total_number": 104
                },
                "wcrossover_operator": "keep"
            },
            {
                "config": {
                    "rwls_stopping_criterion": {
                        "steps": 150000,
                        "time": 1.8446744073709552e+19
                    },
                    "stopping_criterion": {
                        "generation": 101,
                        "rwls_cumulative_position": {
                            "steps": 18446744073709551615,
                            "time": 1.8446744073709552e+19
                        },
                        "time": 1.8446744073709552e+19
                    }
                },
                "crossover_operator": "subproblem\\_greedy",
                "result": {
                    "average": 34.00970873786408,
                    "best": 33,
                    "best_number": 1,
                    "exist": true,
                    "generations": 36.0,
                    "steps": 10884031.0,
                    "time": 462.131419136,
                    "total_number": 103
                },
                "wcrossover_operator": "mix\\_random"
            },
            {
                "config": {
                    "rwls_stopping_criterion": {
                        "steps": 150000,
                        "time": 1.8446744073709552e+19
                    },
                    "stopping_criterion": {
                        "generation": 101,
                        "rwls_cumulative_position": {
                            "steps": 18446744073709551615,
                            "time": 1.8446744073709552e+19
                        },
                        "time": 1.8446744073709552e+19
                    }
                },
                "crossover_operator": "identity",
                "result": {
                    "average": 34.00952380952383,
                    "best": 33,
                    "best_number": 1,
                    "exist": true,
                    "generations": 38.0,
                    "steps": 11538769.0,
                    "time": 508.928216832,
                    "total_number": 105
                },
                "wcrossover_operator": "keep"
            },
            {
                "config": {
                    "rwls_stopping_criterion": {
                        "steps": 150000,
                        "time": 1.8446744073709552e+19
                    },
                    "stopping_criterion": {
                        "generation": 101,
                        "rwls_cumulative_position": {
                            "steps": 18446744073709551615,
                            "time": 1.8446744073709552e+19
                        },
                        "time": 1.8446744073709552e+19
                    }
                },
                "crossover_operator": "subproblem\\_greedy",
                "result": {
                    "average": 34.00925925925926,
                    "best": 34,
                    "best_number": 107,
                    "exist": true,
                    "generations": 21.635514018691588,
                    "steps": 6569575.822429907,
                    "time": 508.8018089079625,
                    "total_number": 108
                },
                "wcrossover_operator": "average"
            },
            {
                "config": {
                    "rwls_stopping_criterion": {
                        "steps": 150000,
                        "time": 1.8446744073709552e+19
                    },
                    "stopping_criterion": {
                        "generation": 101,
                        "rwls_cumulative_position": {
                            "steps": 18446744073709551615,
                            "time": 1.8446744073709552e+19
                        },
                        "time": 1.8446744073709552e+19
                    }
                },
                "crossover_operator": "identity",
                "result": {
                    "average": 34.10476190476191,
                    "best": 34,
                    "best_number": 94,
                    "exist": true,
                    "generations": 28.382978723404253,
                    "steps": 8622838.659574471,
                    "time": 576.5399610662129,
                    "total_number": 105
                },
                "wcrossover_operator": "reset"
            },
            {
                "config": {
                    "rwls_stopping_criterion": {
                        "steps": 150000,
                        "time": 1.8446744073709552e+19
                    },