{
    "comparison": {
        "exist": true,
        "instance": {
            "bks": 61,
            "name": "NRG.4"
        },
        "results": [
            {
                "config": {
                    "rwls_stopping_criterion": {
                        "steps": 150000,
                        "time": 1.8446744073709552e+19
                    },
                    "stopping_criterion": {
                        "generation": 101,
                        "rwls_cumulative_position": {
                            "steps": 18446744073709551615,
                            "time": 1.8446744073709552e+19
                        },
                        "time": 1.8446744073709552e+19
                    }
                },
                "crossover_operator": "subproblem\\_greedy",
                "result": {
                    "average": 61.302752293578,
                    "best": 60,
                    "best_number": 3,
                    "exist": true,
                    "generations": 38.33333333333333,
                    "steps": 11546143.666666666,
                    "time": 171.86565751466668,
                    "total_number": 109
                },
                "wcrossover_operator": "average"
            },
            {
                "config": {
                    "rwls_stopping_criterion": {
                        "steps": 150000,
                        "time": 1.8446744073709552e+19
                    },
                    "stopping_criterion": {
                        "generation": 101,
                        "rwls_cumulative_position": {
                            "steps": 18446744073709551615,
                            "time": 1.8446744073709552e+19
                        },
                        "time": 1.8446744073709552e+19
                    }
                },
                "crossover_operator": "subproblem\\_greedy",
                "result": {
                    "average": 61.3495145631068,
                    "best": 60,
                    "best_number": 3,
                    "exist": true,
                    "generations": 59.666666666666664,
                    "steps": 17929363.0,
                    "time": 202.999303424,
                    "total_number": 103
                },
                "wcrossover_operator": "mix\\_random"
            },
            {
                "config": {
                    "rwls_stopping_criterion": {
                        "steps": 150000,
                        "time": 1.8446744073709552e+19
                    },
                    "stopping_criterion": {
                        "generation": 101,
                        "rwls_cumulative_position": {
                            "steps": 18446744073709551615,
                            "time": 1.8446744073709552e+19
                        },
                        "time": 1.8446744073709552e+19
                    }
                },
                "crossover_operator": "identity",
                "result": {
                    "average": 61.46666666666666,
                    "best": 60,
                    "best_number": 2,
                    "exist": true,
                    "generations": 76.5,
                    "steps": 22971991.0,
                    "time": 345.814499072,
                    "total_number": 105
                },
                "wcrossover_operator": "mix\\_random"
            },
            {
                "config": {
                    "rwls_stopping_criterion": {
                        "steps": 150000,
                        "time": 1.8446744073709552e+19
                    },
                    "stopping_criterion": {
                        "generation": 101,
                        "rwls_cumulative_position": {
                            "steps": 18446744073709551615,
                            "time": 1.8446744073709552e+19
                        },
                        "time": 1.8446744073709552e+19
                    }
                },
                "crossover_operator": "subproblem\\_greedy",
                "result": {
                    "average": 61.31730769230768,
                    "best": 60,
                    "best_number": 1,
                    "exist": true,
                    "generations": 78.0,
                    "steps": 23419095.0,
                    "time": 195.217587968,
                    "total_number": 104
                },
                "wcrossover_operator": "keep"
            },
            {
                "config": {
                    "rwls_stopping_criterion": {
                        "steps": 150000,
                        "time": 1.8446744073709552e+19
                    },
                    "stopping_criterion": {
                        "generation": 101,
                        "rwls_cumulative_position": {
                            "steps": 18446744073709551615,
                            "time": 1.8446744073709552e+19
                        },
                        "time": 1.8446744073709552e+19
                    }
                },
                "crossover_operator": "identity",
                "result": {
                    "average": 61.43809523809526,
                    "best": 61,
                    "best_number": 59,
                    "exist": true,
                    "generations": 45.32203389830509,
                    "steps": 13644762.847457625,
                    "time": 194.13985437938982,
                    "total_number": 105
                },
                "wcrossover_operator": "average"
            },
            {
                "config": {
                    "rwls_stopping_criterion": {
                        "steps": 150000,
                        "time": 1.8446744073709552e+19
                    },
                    "stopping_criterion": {
                        "generation": 101,
                        "rwls_cumulative_position": {
                            "steps": 18446744073709551615,
                            "time": 1.8446744073709552e+19
                        },
                        "time": 1.8446744073709552e+19
                    }
                },
                "crossover_operator": "identity",
                "result": {
                    "average": 61.55238095238095,
                    "best": 61,
                    "best_number": 47,
                    "exist": true,
                    "generations": 44.80851063829788,
                    "steps": 13494652.85106383,
                    "time": 223.30535627165955,
                    "total_number": 105
                },
                "wcrossover_operator": "keep"
            },
            {
                "config": {
                    "rwls_stopping_criterion": {
                        "steps": 150000,
                        "time": 1.8446744073709552e+19
                    },
                    "stopping_criterion": {
                        "generation": 101,
                        "rwls_cumulative_position": {
                            "steps": 18446744073709551615,
                            "time": 1.8446744073709552e+19
                        },
                        "time": 1.8446744073709552e+19
                    }
                },
                "crossover_operator": "identity",
                "result": {
                    "average": 61.92380952380953,
                    "best": 61,
                    "best_number": 8,
                    "exist": true,
                    "generations": 55.25,
                    "steps": 16695683.125,
                    "time": 287.58746640000004,
                    "total_number": 105
                },
                "wcrossover_operator": "reset"
            },
            {
                "config": {
                    "rwls_stopping_criterion": {
                        "steps": 150000,