{
    "comparison": {
        "exist": true,
        "instance": {
            "bks": 617,
            "name": "STS729"
        },
        "results": [
            {
                "config": {
                    "rwls_stopping_criterion": {
                        "steps": 500000,
                        "time": 1.8446744073709552e+19
                    },
                    "stopping_criterion": {
                        "generation": 100,
                        "rwls_cumulative_position": {
                            "steps": 18446744073709551615,
                            "time": 1.8446744073709552e+19
                        },
                        "time": 1.8446744073709552e+19
                    }
                },
                "crossover_operator": "subproblem\\_greedy",
                "result": {
                    "average": 617.0,
                    "best": 617,
                    "best_number": 2,
                    "exist": true,
                    "generations": 0.0,
                    "steps": 115553.5,
                    "time": 171.442207104,
                    "total_number": 2
                }
            },
            {
                "config": {
                    "rwls_stopping_criterion": {
                        "steps": 500000,
                        "time": 1.8446744073709552e+19
                    },
                    "stopping_criterion": {
                        "generation": 100,
                        "rwls_cumulative_position": {
                            "steps": 18446744073709551615,
                            "time": 1.8446744073709552e+19
                        },
                        "time": 1.8446744073709552e+19
                    }
                },
                "crossover_operator": "greedy\\_merge",
                "result": {
                    "average": 617.0,
                    "best": 617,
                    "best_number": 1,
                    "exist": true,
                    "generations": 0.0,
                    "steps": 125466.0,
                    "time": 250.723452672,
                    "total_number": 1
                }
            },
            {
                "config": {
                    "rwls_stopping_criterion": {
                        "steps": 500000,
                        "time": 1.8446744073709552e+19
                    },
                    "stopping_criterion": {
                        "generation": 100,
                        "rwls_cumulative_position": {
                            "steps": 18446744073709551615,
                            "time": 1.8446744073709552e+19
                        },
                        "time": 1.8446744073709552e+19
                    }
                },
                "crossover_operator": "subproblem\\_random",
                "result": {
                    "average": 617.0,
                    "best": 617,
                    "best_number": 1,
                    "exist": true,
                    "generations": 0.0,
                    "steps": 131974.0,
                    "time": 234.277726976,
                    "total_number": 1
                }
            },
            {
                "config": {
                    "rwls_stopping_criterion": {
                        "steps": 5000000,
                        "time": 1.8446744073709552e+19
                    },
                    "stopping_criterion": {
                        "generation": 10,
                        "rwls_cumulative_position": {
                            "steps": 18446744073709551615,
                            "time": 1.8446744073709552e+19
                        },
                        "time": 1.8446744073709552e+19
                    }
                },
                "crossover_operator": "greedy\\_merge",
                "result": {
                    "average": 617.0,
                    "best": 617,
                    "best_number": 1,
                    "exist": true,
                    "generations": 0.0,
                    "steps": 200730.0,
                    "time": 1097.295383296,
                    "total_number": 1
                }
            },
            {
                "config": {
                    "rwls_stopping_criterion": {
                        "steps": 5000000,
                        "time": 1.8446744073709552e+19
                    },
                    "stopping_criterion": {
                        "generation": 10,
                        "rwls_cumulative_position": {
                            "steps": 18446744073709551615,
                            "time": 1.8446744073709552e+19
                        },
                        "time": 1.8446744073709552e+19
                    }
                },
                "crossover_operator": "subproblem\\_random",
                "result": {
                    "average": 617.0,
                    "best": 617,
                    "best_number": 2,
                    "exist": true,
                    "generations": 0.0,
                    "steps": 374186.0,
                    "time": 1654.14350464,
                    "total_number": 2
                }
            },
            {
                "config": {
                    "rwls_stopping_criterion": {
                        "steps": 5000000,
                        "time": 1.8446744073709552e+19
                    },
                    "stopping_criterion": {
                        "generation": 10,
                        "rwls_cumulative_position": {
                            "steps": 18446744073709551615,
                            "time": 1.8446744073709552e+19
                        },
                        "time": 1.8446744073709552e+19
                    }
                },
                "crossover_operator": "subproblem\\_greedy",
                "result": {
                    "average": 617.0,
                    "best": 617,
                    "best_number": 1,
                    "exist": true,
                    "generations": 0.0,
                    "steps": 627929.0,
                    "time": 1107.9188096,
                    "total_number": 1
                }
            },
            {
                "config": {
                    "rwls_stopping_criterion": {
                        "steps": 500000,
                        "time": 1.8446744073709552e+19
                    },
                    "stopping_criterion": {
                        "generation": 100,
                        "rwls_cumulative_position": {
                            "steps": 18446744073709551615,
                            "time": 1.8446744073709552e+19
                        },
                        "time": 1.8446744073709552e+19
                    }
                },
                "crossover_operator": "merge",
                "result": {
                    "average": 617.0,
                    "best": 617,
                    "best_number": 2,
                    "exist": true,
                    "generations": 0.5,
                    "steps": 669357.0,
                    "time": 240.88838336,
                    "total_number": 2
                }
            },
            {
                "config": {
                    "rwls_stopping_criterion": {
                        "steps": 5000000,
                        "time": 1.8446744073709552e+19
                    },
                    "stopping_criterion": {
                        "generation": 10,
                        "rwls_cumulative_position": {
                            "steps": 18446744073709551615,
                            "time": 1.8446744073709552e+19
                        },
                        "time": 1.8446744073709552e+19
                    }
                },
                "crossover_operator": "merge",
                "result": {
                    "average": 617.0,
                    "best": 617,