{
    "comparison": {
        "exist": true,
        "instance": {
            "bks": 16,
            "name": "NRE.5",
            "points_number": 500,
            "subsets_number": 5000
        },
        "results": [
            {
                "config": {
                    "rwls_stopping_criterion": {
                        "steps": 150000,
                        "time": 1.8446744073709552e+19
                    },
                    "stopping_criterion": {
                        "generation": 100,
                        "rwls_cumulative_position": {
                            "steps": 18446744073709551615,
                            "time": 1.8446744073709552e+19
                        },
                        "time": 1.8446744073709552e+19
                    }
                },
                "crossover_operator": "subproblem\\_greedy",
                "result": {
                    "average": 16.89285714285714,
                    "best": 16,
                    "best_number": 33,
                    "exist": true,
                    "generations": 48.878787878787875,
                    "steps": 14744560.87878788,
                    "time": 1044.5854480446062,
                    "total_number": 308
                },
                "wcrossover_operator": "max"
            },
            {
                "config": {
                    "rwls_stopping_criterion": {
                        "steps": 150000,
                        "time": 1.8446744073709552e+19
                    },
                    "stopping_criterion": {
                        "generation": 100,
                        "rwls_cumulative_position": {
                            "steps": 18446744073709551615,
                            "time": 1.8446744073709552e+19
                        },
                        "time": 1.8446744073709552e+19
                    }
                },
                "crossover_operator": "subproblem\\_greedy",
                "result": {
                    "average": 16.89610389610388,
                    "best": 16,
                    "best_number": 32,
                    "exist": true,
                    "generations": 36.5625,
                    "steps": 11050075.71875,
                    "time": 806.3751886320001,
                    "total_number": 308
                },
                "wcrossover_operator": "min"
            },
            {
                "config": {
                    "rwls_stopping_criterion": {
                        "steps": 150000,
                        "time": 1.8446744073709552e+19
                    },
                    "stopping_criterion": {
                        "generation": 100,
                        "rwls_cumulative_position": {
                            "steps": 18446744073709551615,
                            "time": 1.8446744073709552e+19
                        },
                        "time": 1.8446744073709552e+19
                    }
                },
                "crossover_operator": "subproblem\\_greedy",
                "result": {
                    "average": 16.912337662337663,
                    "best": 16,
                    "best_number": 27,
                    "exist": true,
                    "generations": 45.333333333333336,
                    "steps": 13688100.296296297,
                    "time": 988.951530970074,
                    "total_number": 308
                },
                "wcrossover_operator": "difference"
            },
            {
                "config": {
                    "rwls_stopping_criterion": {
                        "steps": 150000,
                        "time": 1.8446744073709552e+19
                    },
                    "stopping_criterion": {
                        "generation": 100,
                        "rwls_cumulative_position": {
                            "steps": 18446744073709551615,
                            "time": 1.8446744073709552e+19
                        },
                        "time": 1.8446744073709552e+19
                    }
                },
                "crossover_operator": "subproblem\\_greedy",
                "result": {
                    "average": 16.915584415584416,
                    "best": 16,
                    "best_number": 26,
                    "exist": true,
                    "generations": 57.53846153846153,
                    "steps": 17350414.269230768,
                    "time": 1274.7286846916923,
                    "total_number": 308
                },
                "wcrossover_operator": "average"
            },
            {
                "config": {
                    "rwls_stopping_criterion": {
                        "steps": 150000,
                        "time": 1.8446744073709552e+19
                    },
                    "stopping_criterion": {
                        "generation": 100,
                        "rwls_cumulative_position": {
                            "steps": 18446744073709551615,
                            "time": 1.8446744073709552e+19
                        },
                        "time": 1.8446744073709552e+19
                    }
                },
                "crossover_operator": "subproblem\\_greedy",
                "result": {
                    "average": 16.91961414790997,
                    "best": 16,
                    "best_number": 25,
                    "exist": true,
                    "generations": 44.760000000000005,
                    "steps": 13501574.479999999,
                    "time": 1083.5465363456003,
                    "total_number": 311
                },
                "wcrossover_operator": "add"
            },
            {
                "config": {
                    "rwls_stopping_criterion": {
                        "steps": 150000,
                        "time": 1.8446744073709552e+19
                    },
                    "stopping_criterion": {
                        "generation": 100,
                        "rwls_cumulative_position": {
                            "steps": 18446744073709551615,
                            "time": 1.8446744073709552e+19
                        },
                        "time": 1.8446744073709552e+19
                    }
                },
                "crossover_operator": "subproblem\\_greedy",
                "result": {
                    "average": 16.928571428571416,
                    "best": 16,
                    "best_number": 22,
                    "exist": true,
                    "generations": 55.77272727272726,
                    "steps": 16806065.272727273,
                    "time": 1043.6399320203636,
                    "total_number": 308
                },
                "wcrossover_operator": "minmax"
            },
            {
                "config": {
                    "rwls_stopping_criterion": {
                        "steps": 150000,
                        "time": 1.8446744073709552e+19
                    },
                    "stopping_criterion": {
                        "generation": 100,
                        "rwls_cumulative_position": {
                            "steps": 18446744073709551615,
                            "time": 1.8446744073709552e+19
                        },
                        "time": 1.8446744073709552e+19
                    }
                },
                "crossover_operator": "subproblem\\_greedy",
                "result": {
                    "average": 16.931818181818176,
                    "best": 16,
                    "best_number": 21,
                    "exist": true,
                    "generations": 60.00000000000001,
                    "steps": 18081644.904761907,
                    "time": 1171.5781058925716,
                    "total_number": 308
                },