{
    "comparison": {
        "exist": true,
        "instance": {
            "bks": 1798,
            "name": "CYC10",
            "points_number": 11520,
            "subsets_number": 5120
        },
        "results": [
            {
                "config": {
                    "rwls_stopping_criterion": {
                        "steps": 150000,
                        "time": 1.8446744073709552e+19
                    },
                    "stopping_criterion": {
                        "generation": 333,
                        "rwls_cumulative_position": {
                            "steps": 18446744073709551615,
                            "time": 1.8446744073709552e+19
                        },
                        "time": 1.8446744073709552e+19
                    }
                },
                "crossover_operator": "subproblem\\_greedy",
                "result": {
                    "average": 1810.0389610389616,
                    "best": 1792,
                    "best_number": 23,
                    "exist": true,
                    "generations": 48.86956521739131,
                    "steps": 14747984.652173914,
                    "time": 130.5613504667826,
                    "total_number": 308
                },
                "wcrossover_operator": "min"
            },
            {
                "config": {
                    "rwls_stopping_criterion": {
                        "steps": 150000,
                        "time": 1.8446744073709552e+19
                    },
                    "stopping_criterion": {
                        "generation": 333,
                        "rwls_cumulative_position": {
                            "steps": 18446744073709551615,
                            "time": 1.8446744073709552e+19
                        },
                        "time": 1.8446744073709552e+19
                    }
                },
                "crossover_operator": "subproblem\\_greedy",
                "result": {
                    "average": 1814.8214285714294,
                    "best": 1792,
                    "best_number": 6,
                    "exist": true,
                    "generations": 19.166666666666668,
                    "steps": 5850658.0,
                    "time": 62.32162909866666,
                    "total_number": 84
                },
                "wcrossover_operator": "shuffle"
            },
            {
                "config": {
                    "rwls_stopping_criterion": {
                        "steps": 150000,
                        "time": 1.8446744073709552e+19
                    },
                    "stopping_criterion": {
                        "generation": 333,
                        "rwls_cumulative_position": {
                            "steps": 18446744073709551615,
                            "time": 1.8446744073709552e+19
                        },
                        "time": 1.8446744073709552e+19
                    }
                },
                "crossover_operator": "subproblem\\_greedy",
                "result": {
                    "average": 1810.1545454545449,
                    "best": 1792,
                    "best_number": 14,
                    "exist": true,
                    "generations": 58.857142857142854,
                    "steps": 17734829.928571425,
                    "time": 171.78776846628568,
                    "total_number": 220
                },
                "wcrossover_operator": "minmax"
            },
            {
                "config": {
                    "rwls_stopping_criterion": {
                        "steps": 150000,
                        "time": 1.8446744073709552e+19
                    },
                    "stopping_criterion": {
                        "generation": 333,
                        "rwls_cumulative_position": {
                            "steps": 18446744073709551615,
                            "time": 1.8446744073709552e+19
                        },
                        "time": 1.8446744073709552e+19
                    }
                },
                "crossover_operator": "subproblem\\_greedy",
                "result": {
                    "average": 1810.6428571428587,
                    "best": 1792,
                    "best_number": 17,
                    "exist": true,
                    "generations": 52.47058823529412,
                    "steps": 15828389.529411765,
                    "time": 135.85710308894116,
                    "total_number": 308
                },
                "wcrossover_operator": "mix\\_random"
            },
            {
                "config": {
                    "rwls_stopping_criterion": {
                        "steps": 150000,
                        "time": 1.8446744073709552e+19
                    },
                    "stopping_criterion": {
                        "generation": 333,
                        "rwls_cumulative_position": {
                            "steps": 18446744073709551615,
                            "time": 1.8446744073709552e+19
                        },
                        "time": 1.8446744073709552e+19
                    }
                },
                "crossover_operator": "subproblem\\_greedy",
                "result": {
                    "average": 1810.538961038961,
                    "best": 1792,
                    "best_number": 17,
                    "exist": true,
                    "generations": 65.23529411764707,
                    "steps": 19664152.64705882,
                    "time": 204.9847438908235,
                    "total_number": 308
                },
                "wcrossover_operator": "max"
            },
            {
                "config": {
                    "rwls_stopping_criterion": {
                        "steps": 150000,
                        "time": 1.8446744073709552e+19
                    },
                    "stopping_criterion": {
                        "generation": 333,
                        "rwls_cumulative_position": {
                            "steps": 18446744073709551615,
                            "time": 1.8446744073709552e+19
                        },
                        "time": 1.8446744073709552e+19
                    }
                },
                "crossover_operator": "subproblem\\_greedy",
                "result": {
                    "average": 1811.253246753247,
                    "best": 1792,
                    "best_number": 16,
                    "exist": true,
                    "generations": 32.0625,
                    "steps": 9707764.1875,
                    "time": 85.17513771199998,
                    "total_number": 308
                },
                "wcrossover_operator": "average"
            },
            {
                "config": {
                    "rwls_stopping_criterion": {
                        "steps": 150000,
                        "time": 1.8446744073709552e+19
                    },
                    "stopping_criterion": {
                        "generation": 333,
                        "rwls_cumulative_position": {
                            "steps": 18446744073709551615,
                            "time": 1.8446744073709552e+19
                        },
                        "time": 1.8446744073709552e+19
                    }
                },
                "crossover_operator": "subproblem\\_greedy",
                "result": {
                    "average": 1810.467532467533,
                    "best": 1806,
                    "best_number": 4,
                    "exist": true,
                    "generations": 224.25,
                    "steps": 67416904.5,
                    "time": 631.926901312,
                    "total_number": 308
                },