{
    "comparison": {
        "exist": true,
        "instance": {
            "bks": 34,
            "name": "NRH.5",
            "points_number": 1000,
            "subsets_number": 10000
        },
        "results": [
            {
                "config": {
                    "rwls_stopping_criterion": {
                        "steps": 150000,
                        "time": 1.8446744073709552e+19
                    },
                    "stopping_criterion": {
                        "generation": 100,
                        "rwls_cumulative_position": {
                            "steps": 18446744073709551615,
                            "time": 1.8446744073709552e+19
                        },
                        "time": 1.8446744073709552e+19
                    }
                },
                "crossover_operator": "subproblem\\_greedy",
                "result": {
                    "average": 33.980519480519476,
                    "best": 33,
                    "best_number": 6,
                    "exist": true,
                    "generations": 25.0,
                    "steps": 7601832.166666667,
                    "time": 803.8188222293333,
                    "total_number": 308
                },
                "wcrossover_operator": "add"
            },
            {
                "config": {
                    "rwls_stopping_criterion": {
                        "steps": 150000,
                        "time": 1.8446744073709552e+19
                    },
                    "stopping_criterion": {
                        "generation": 100,
                        "rwls_cumulative_position": {
                            "steps": 18446744073709551615,
                            "time": 1.8446744073709552e+19
                        },
                        "time": 1.8446744073709552e+19
                    }
                },
                "crossover_operator": "subproblem\\_greedy",
                "result": {
                    "average": 34.00324675324677,
                    "best": 33,
                    "best_number": 5,
                    "exist": true,
                    "generations": 35.4,
                    "steps": 10671934.4,
                    "time": 821.844480512,
                    "total_number": 308
                },
                "wcrossover_operator": "min"
            },
            {
                "config": {
                    "rwls_stopping_criterion": {
                        "steps": 150000,
                        "time": 1.8446744073709552e+19
                    },
                    "stopping_criterion": {
                        "generation": 100,
                        "rwls_cumulative_position": {
                            "steps": 18446744073709551615,
                            "time": 1.8446744073709552e+19
                        },
                        "time": 1.8446744073709552e+19
                    }
                },
                "crossover_operator": "subproblem\\_greedy",
                "result": {
                    "average": 33.9902597402597,
                    "best": 33,
                    "best_number": 5,
                    "exist": true,
                    "generations": 57.6,
                    "steps": 17284318.6,
                    "time": 1145.5207571455999,
                    "total_number": 308
                },
                "wcrossover_operator": "average"
            },
            {
                "config": {
                    "rwls_stopping_criterion": {
                        "steps": 150000,
                        "time": 1.8446744073709552e+19
                    },
                    "stopping_criterion": {
                        "generation": 100,
                        "rwls_cumulative_position": {
                            "steps": 18446744073709551615,
                            "time": 1.8446744073709552e+19
                        },
                        "time": 1.8446744073709552e+19
                    }
                },
                "crossover_operator": "subproblem\\_greedy",
                "result": {
                    "average": 33.995454545454535,
                    "best": 33,
                    "best_number": 3,
                    "exist": true,
                    "generations": 50.666666666666664,
                    "steps": 15326734.333333332,
                    "time": 1276.8177169066666,
                    "total_number": 220
                },
                "wcrossover_operator": "minmax"
            },
            {
                "config": {
                    "rwls_stopping_criterion": {
                        "steps": 150000,
                        "time": 1.8446744073709552e+19
                    },
                    "stopping_criterion": {
                        "generation": 100,
                        "rwls_cumulative_position": {
                            "steps": 18446744073709551615,
                            "time": 1.8446744073709552e+19
                        },
                        "time": 1.8446744073709552e+19
                    }
                },
                "crossover_operator": "subproblem\\_greedy",
                "result": {
                    "average": 33.99999999999997,
                    "best": 33,
                    "best_number": 4,
                    "exist": true,
                    "generations": 65.5,
                    "steps": 19698086.0,
                    "time": 2196.82636704,
                    "total_number": 308
                },
                "wcrossover_operator": "max"
            },
            {
                "config": {
                    "rwls_stopping_criterion": {
                        "steps": 150000,
                        "time": 1.8446744073709552e+19
                    },
                    "stopping_criterion": {
                        "generation": 100,
                        "rwls_cumulative_position": {
                            "steps": 18446744073709551615,
                            "time": 1.8446744073709552e+19
                        },
                        "time": 1.8446744073709552e+19
                    }
                },
                "crossover_operator": "subproblem\\_greedy",
                "result": {
                    "average": 34.00649350649352,
                    "best": 33,
                    "best_number": 3,
                    "exist": true,
                    "generations": 72.33333333333333,
                    "steps": 21753649.666666668,
                    "time": 1783.978456832,
                    "total_number": 308
                },
                "wcrossover_operator": "mix\\_random"
            },
            {
                "config": {
                    "rwls_stopping_criterion": {
                        "steps": 150000,
                        "time": 1.8446744073709552e+19
                    },
                    "stopping_criterion": {
                        "generation": 100,
                        "rwls_cumulative_position": {
                            "steps": 18446744073709551615,
                            "time": 1.8446744073709552e+19
                        },
                        "time": 1.8446744073709552e+19
                    }
                },
                "crossover_operator": "subproblem\\_greedy",
                "result": {
                    "average": 34.01136363636363,
                    "best": 34,
                    "best_number": 87,
                    "exist": true,
                    "generations": 22.172413793103445,
                    "steps": 6718995.873563218,
                    "time": 594.0138577919996,
                    "total_number": 88
                },