{
    "comparison": {
        "exist": true,
        "instance": {
            "bks": 34,
            "name": "NRH.2",
            "points_number": 1000,
            "subsets_number": 10000
        },
        "results": [
            {
                "config": {
                    "rwls_stopping_criterion": {
                        "steps": 150000,
                        "time": 1.8446744073709552e+19
                    },
                    "stopping_criterion": {
                        "generation": 100,
                        "rwls_cumulative_position": {
                            "steps": 18446744073709551615,
                            "time": 1.8446744073709552e+19
                        },
                        "time": 1.8446744073709552e+19
                    }
                },
                "crossover_operator": "subproblem\\_greedy",
                "result": {
                    "average": 34.015151515151516,
                    "best": 33,
                    "best_number": 4,
                    "exist": true,
                    "generations": 76.25,
                    "steps": 22923801.75,
                    "time": 1724.904054656,
                    "total_number": 132
                },
                "wcrossover_operator": "shuffle"
            },
            {
                "config": {
                    "rwls_stopping_criterion": {
                        "steps": 150000,
                        "time": 1.8446744073709552e+19
                    },
                    "stopping_criterion": {
                        "generation": 100,
                        "rwls_cumulative_position": {
                            "steps": 18446744073709551615,
                            "time": 1.8446744073709552e+19
                        },
                        "time": 1.8446744073709552e+19
                    }
                },
                "crossover_operator": "subproblem\\_greedy",
                "result": {
                    "average": 33.98376623376626,
                    "best": 33,
                    "best_number": 6,
                    "exist": true,
                    "generations": 25.166666666666664,
                    "steps": 7627082.166666666,
                    "time": 624.15348864,
                    "total_number": 308
                },
                "wcrossover_operator": "add"
            },
            {
                "config": {
                    "rwls_stopping_criterion": {
                        "steps": 150000,
                        "time": 1.8446744073709552e+19
                    },
                    "stopping_criterion": {
                        "generation": 100,
                        "rwls_cumulative_position": {
                            "steps": 18446744073709551615,
                            "time": 1.8446744073709552e+19
                        },
                        "time": 1.8446744073709552e+19
                    }
                },
                "crossover_operator": "subproblem\\_greedy",
                "result": {
                    "average": 33.99999999999999,
                    "best": 33,
                    "best_number": 4,
                    "exist": true,
                    "generations": 58.00000000000001,
                    "steps": 17406371.0,
                    "time": 1329.50518336,
                    "total_number": 308
                },
                "wcrossover_operator": "min"
            },
            {
                "config": {
                    "rwls_stopping_criterion": {
                        "steps": 150000,
                        "time": 1.8446744073709552e+19
                    },
                    "stopping_criterion": {
                        "generation": 100,
                        "rwls_cumulative_position": {
                            "steps": 18446744073709551615,
                            "time": 1.8446744073709552e+19
                        },
                        "time": 1.8446744073709552e+19
                    }
                },
                "crossover_operator": "subproblem\\_greedy",
                "result": {
                    "average": 33.999999999999986,
                    "best": 33,
                    "best_number": 4,
                    "exist": true,
                    "generations": 69.0,
                    "steps": 20792182.0,
                    "time": 1501.183068096,
                    "total_number": 308
                },
                "wcrossover_operator": "max"
            },
            {
                "config": {
                    "rwls_stopping_criterion": {
                        "steps": 150000,
                        "time": 1.8446744073709552e+19
                    },
                    "stopping_criterion": {
                        "generation": 100,
                        "rwls_cumulative_position": {
                            "steps": 18446744073709551615,
                            "time": 1.8446744073709552e+19
                        },
                        "time": 1.8446744073709552e+19
                    }
                },
                "crossover_operator": "subproblem\\_greedy",
                "result": {
                    "average": 34.006493506493534,
                    "best": 33,
                    "best_number": 4,
                    "exist": true,
                    "generations": 73.75,
                    "steps": 22189828.25,
                    "time": 1875.649367232,
                    "total_number": 308
                },
                "wcrossover_operator": "mix\\_random"
            },
            {
                "config": {
                    "rwls_stopping_criterion": {
                        "steps": 150000,
                        "time": 1.8446744073709552e+19
                    },
                    "stopping_criterion": {
                        "generation": 100,
                        "rwls_cumulative_position": {
                            "steps": 18446744073709551615,
                            "time": 1.8446744073709552e+19
                        },
                        "time": 1.8446744073709552e+19
                    }
                },
                "crossover_operator": "subproblem\\_greedy",
                "result": {
                    "average": 34.01298701298701,
                    "best": 33,
                    "best_number": 3,
                    "exist": true,
                    "generations": 46.33333333333333,
                    "steps": 13994330.333333332,
                    "time": 2261.5033454079994,
                    "total_number": 308
                },
                "wcrossover_operator": "average"
            },
            {
                "config": {
                    "rwls_stopping_criterion": {
                        "steps": 150000,
                        "time": 1.8446744073709552e+19
                    },
                    "stopping_criterion": {
                        "generation": 100,
                        "rwls_cumulative_position": {
                            "steps": 18446744073709551615,
                            "time": 1.8446744073709552e+19
                        },
                        "time": 1.8446744073709552e+19
                    }
                },
                "crossover_operator": "subproblem\\_greedy",
                "result": {
                    "average": 34.02272727272728,
                    "best": 33,
                    "best_number": 3,
                    "exist": true,
                    "generations": 65.0,
                    "steps": 19514080.333333332,
                    "time": 1361.8825051306667,
                    "total_number": 308
                },