{
    "comparison": {
        "exist": true,
        "instance": {
            "bks": 342,
            "name": "CYC8",
            "points_number": 1792,
            "subsets_number": 1024
        },
        "results": [
            {
                "config": {
                    "rwls_stopping_criterion": {
                        "steps": 150000,
                        "time": 1.8446744073709552e+19
                    },
                    "stopping_criterion": {
                        "generation": 333,
                        "rwls_cumulative_position": {
                            "steps": 18446744073709551615,
                            "time": 1.8446744073709552e+19
                        },
                        "time": 1.8446744073709552e+19
                    }
                },
                "crossover_operator": "subproblem\\_greedy",
                "result": {
                    "average": 342.0,
                    "best": 342,
                    "best_number": 220,
                    "exist": true,
                    "generations": 0.1863636363636363,
                    "steps": 139717.69090909092,
                    "time": 0.7190948165818177,
                    "total_number": 220
                },
                "wcrossover_operator": "minmax"
            },
            {
                "config": {
                    "rwls_stopping_criterion": {
                        "steps": 150000,
                        "time": 1.8446744073709552e+19
                    },
                    "stopping_criterion": {
                        "generation": 333,
                        "rwls_cumulative_position": {
                            "steps": 18446744073709551615,
                            "time": 1.8446744073709552e+19
                        },
                        "time": 1.8446744073709552e+19
                    }
                },
                "crossover_operator": "subproblem\\_greedy",
                "result": {
                    "average": 342.0,
                    "best": 342,
                    "best_number": 304,
                    "exist": true,
                    "generations": 0.2467105263157894,
                    "steps": 157608.79934210522,
                    "time": 0.7554255267368424,
                    "total_number": 304
                },
                "wcrossover_operator": "average"
            },
            {
                "config": {
                    "rwls_stopping_criterion": {
                        "steps": 150000,
                        "time": 1.8446744073709552e+19
                    },
                    "stopping_criterion": {
                        "generation": 333,
                        "rwls_cumulative_position": {
                            "steps": 18446744073709551615,
                            "time": 1.8446744073709552e+19
                        },
                        "time": 1.8446744073709552e+19
                    }
                },
                "crossover_operator": "subproblem\\_greedy",
                "result": {
                    "average": 342.0,
                    "best": 342,
                    "best_number": 300,
                    "exist": true,
                    "generations": 0.2933333333333334,
                    "steps": 173168.98333333337,
                    "time": 0.7342732398933336,
                    "total_number": 300
                },
                "wcrossover_operator": "max"
            },
            {
                "config": {
                    "rwls_stopping_criterion": {
                        "steps": 150000,
                        "time": 1.8446744073709552e+19
                    },
                    "stopping_criterion": {
                        "generation": 333,
                        "rwls_cumulative_position": {
                            "steps": 18446744073709551615,
                            "time": 1.8446744073709552e+19
                        },
                        "time": 1.8446744073709552e+19
                    }
                },
                "crossover_operator": "subproblem\\_greedy",
                "result": {
                    "average": 342.0,
                    "best": 342,
                    "best_number": 308,
                    "exist": true,
                    "generations": 0.33441558441558455,
                    "steps": 179664.0681818181,
                    "time": 0.8481066140259731,
                    "total_number": 308
                },
                "wcrossover_operator": "add"
            },
            {
                "config": {
                    "rwls_stopping_criterion": {
                        "steps": 150000,
                        "time": 1.8446744073709552e+19
                    },
                    "stopping_criterion": {
                        "generation": 333,
                        "rwls_cumulative_position": {
                            "steps": 18446744073709551615,
                            "time": 1.8446744073709552e+19
                        },
                        "time": 1.8446744073709552e+19
                    }
                },
                "crossover_operator": "subproblem\\_greedy",
                "result": {
                    "average": 342.0,
                    "best": 342,
                    "best_number": 308,
                    "exist": true,
                    "generations": 0.3149350649350651,
                    "steps": 180772.11363636385,
                    "time": 0.7942612488311687,
                    "total_number": 308
                },
                "wcrossover_operator": "difference"
            },
            {
                "config": {
                    "rwls_stopping_criterion": {
                        "steps": 150000,
                        "time": 1.8446744073709552e+19
                    },
                    "stopping_criterion": {
                        "generation": 333,
                        "rwls_cumulative_position": {
                            "steps": 18446744073709551615,
                            "time": 1.8446744073709552e+19
                        },
                        "time": 1.8446744073709552e+19
                    }
                },
                "crossover_operator": "subproblem\\_greedy",
                "result": {
                    "average": 342.0,
                    "best": 342,
                    "best_number": 308,
                    "exist": true,
                    "generations": 0.3571428571428572,
                    "steps": 187127.38636363635,
                    "time": 0.9456991925194805,
                    "total_number": 308
                },
                "wcrossover_operator": "mix\\_random"
            },
            {
                "config": {
                    "rwls_stopping_criterion": {
                        "steps": 150000,
                        "time": 1.8446744073709552e+19
                    },
                    "stopping_criterion": {
                        "generation": 333,
                        "rwls_cumulative_position": {
                            "steps": 18446744073709551615,
                            "time": 1.8446744073709552e+19
                        },
                        "time": 1.8446744073709552e+19
                    }
                },
                "crossover_operator": "subproblem\\_greedy",
                "result": {
                    "average": 342.0,
                    "best": 342,
                    "best_number": 88,
                    "exist": true,
                    "generations": 0.3295454545454546,
                    "steps": 187202.01136363632,
                    "time": 0.7580069003636363,
                    "total_number": 88
                },