{
    "comparison": {
        "exist": true,
        "instance": {
            "bks": 3968,
            "name": "CYC11",
            "points_number": 28160,
            "subsets_number": 11264
        },
        "results": [
            {
                "config": {
                    "rwls_stopping_criterion": {
                        "steps": 150000,
                        "time": 1.8446744073709552e+19
                    },
                    "stopping_criterion": {
                        "generation": 333,
                        "rwls_cumulative_position": {
                            "steps": 18446744073709551615,
                            "time": 1.8446744073709552e+19
                        },
                        "time": 1.8446744073709552e+19
                    }
                },
                "crossover_operator": "subproblem\\_greedy",
                "result": {
                    "average": 4156.804545454545,
                    "best": 3968,
                    "best_number": 7,
                    "exist": true,
                    "generations": 110.0,
                    "steps": 33081042.714285716,
                    "time": 1206.134978962286,
                    "total_number": 220
                },
                "wcrossover_operator": "minmax"
            },
            {
                "config": {
                    "rwls_stopping_criterion": {
                        "steps": 150000,
                        "time": 1.8446744073709552e+19
                    },
                    "stopping_criterion": {
                        "generation": 333,
                        "rwls_cumulative_position": {
                            "steps": 18446744073709551615,
                            "time": 1.8446744073709552e+19
                        },
                        "time": 1.8446744073709552e+19
                    }
                },
                "crossover_operator": "subproblem\\_greedy",
                "result": {
                    "average": 4159.948051948053,
                    "best": 3968,
                    "best_number": 9,
                    "exist": true,
                    "generations": 93.22222222222221,
                    "steps": 28048421.11111111,
                    "time": 1061.4271220337778,
                    "total_number": 308
                },
                "wcrossover_operator": "mix\\_random"
            },
            {
                "config": {
                    "rwls_stopping_criterion": {
                        "steps": 150000,
                        "time": 1.8446744073709552e+19
                    },
                    "stopping_criterion": {
                        "generation": 333,
                        "rwls_cumulative_position": {
                            "steps": 18446744073709551615,
                            "time": 1.8446744073709552e+19
                        },
                        "time": 1.8446744073709552e+19
                    }
                },
                "crossover_operator": "subproblem\\_greedy",
                "result": {
                    "average": 4159.402597402592,
                    "best": 3968,
                    "best_number": 6,
                    "exist": true,
                    "generations": 57.666666666666664,
                    "steps": 17389680.666666664,
                    "time": 633.054139264,
                    "total_number": 308
                },
                "wcrossover_operator": "average"
            },
            {
                "config": {
                    "rwls_stopping_criterion": {
                        "steps": 150000,
                        "time": 1.8446744073709552e+19
                    },
                    "stopping_criterion": {
                        "generation": 333,
                        "rwls_cumulative_position": {
                            "steps": 18446744073709551615,
                            "time": 1.8446744073709552e+19
                        },
                        "time": 1.8446744073709552e+19
                    }
                },
                "crossover_operator": "subproblem\\_greedy",
                "result": {
                    "average": 4162.108280254773,
                    "best": 3968,
                    "best_number": 5,
                    "exist": true,
                    "generations": 96.6,
                    "steps": 29038288.8,
                    "time": 1101.439358976,
                    "total_number": 314
                },
                "wcrossover_operator": "min"
            },
            {
                "config": {
                    "rwls_stopping_criterion": {
                        "steps": 150000,
                        "time": 1.8446744073709552e+19
                    },
                    "stopping_criterion": {
                        "generation": 333,
                        "rwls_cumulative_position": {
                            "steps": 18446744073709551615,
                            "time": 1.8446744073709552e+19
                        },
                        "time": 1.8446744073709552e+19
                    }
                },
                "crossover_operator": "subproblem\\_greedy",
                "result": {
                    "average": 4166.09090909091,
                    "best": 3968,
                    "best_number": 1,
                    "exist": true,
                    "generations": 33.0,
                    "steps": 10012404.0,
                    "time": 474.695338496,
                    "total_number": 88
                },
                "wcrossover_operator": "shuffle"
            },
            {
                "config": {
                    "rwls_stopping_criterion": {
                        "steps": 150000,
                        "time": 1.8446744073709552e+19
                    },
                    "stopping_criterion": {
                        "generation": 333,
                        "rwls_cumulative_position": {
                            "steps": 18446744073709551615,
                            "time": 1.8446744073709552e+19
                        },
                        "time": 1.8446744073709552e+19
                    }
                },
                "crossover_operator": "subproblem\\_greedy",
                "result": {
                    "average": 4162.756493506493,
                    "best": 3968,
                    "best_number": 3,
                    "exist": true,
                    "generations": 82.0,
                    "steps": 24655601.666666668,
                    "time": 874.9172828160001,
                    "total_number": 308
                },
                "wcrossover_operator": "max"
            },
            {
                "config": {
                    "rwls_stopping_criterion": {
                        "steps": 150000,
                        "time": 1.8446744073709552e+19
                    },
                    "stopping_criterion": {
                        "generation": 333,
                        "rwls_cumulative_position": {
                            "steps": 18446744073709551615,
                            "time": 1.8446744073709552e+19
                        },
                        "time": 1.8446744073709552e+19
                    }
                },
                "crossover_operator": "subproblem\\_greedy",
                "result": {
                    "average": 4401.3538961038985,
                    "best": 4306,
                    "best_number": 1,
                    "exist": true,
                    "generations": 270.0,
                    "steps": 81088260.0,
                    "time": 2639.76148608,
                    "total_number": 308
                },