{
    "comparison": {
        "exist": true,
        "instance": {
            "bks": 61,
            "name": "NRG.5",
            "points_number": 1000,
            "subsets_number": 10000
        },
        "results": [
            {
                "config": {
                    "rwls_stopping_criterion": {
                        "steps": 150000,
                        "time": 1.8446744073709552e+19
                    },
                    "stopping_criterion": {
                        "generation": 100,
                        "rwls_cumulative_position": {
                            "steps": 18446744073709551615,
                            "time": 1.8446744073709552e+19
                        },
                        "time": 1.8446744073709552e+19
                    }
                },
                "crossover_operator": "subproblem\\_greedy",
                "result": {
                    "average": 61.21363636363634,
                    "best": 60,
                    "best_number": 5,
                    "exist": true,
                    "generations": 35.0,
                    "steps": 10537003.6,
                    "time": 207.82268544,
                    "total_number": 220
                },
                "wcrossover_operator": "shuffle"
            },
            {
                "config": {
                    "rwls_stopping_criterion": {
                        "steps": 150000,
                        "time": 1.8446744073709552e+19
                    },
                    "stopping_criterion": {
                        "generation": 100,
                        "rwls_cumulative_position": {
                            "steps": 18446744073709551615,
                            "time": 1.8446744073709552e+19
                        },
                        "time": 1.8446744073709552e+19
                    }
                },
                "crossover_operator": "subproblem\\_greedy",
                "result": {
                    "average": 61.34740259740259,
                    "best": 60,
                    "best_number": 4,
                    "exist": true,
                    "generations": 69.75,
                    "steps": 20947781.0,
                    "time": 389.004081792,
                    "total_number": 308
                },
                "wcrossover_operator": "max"
            },
            {
                "config": {
                    "rwls_stopping_criterion": {
                        "steps": 150000,
                        "time": 1.8446744073709552e+19
                    },
                    "stopping_criterion": {
                        "generation": 100,
                        "rwls_cumulative_position": {
                            "steps": 18446744073709551615,
                            "time": 1.8446744073709552e+19
                        },
                        "time": 1.8446744073709552e+19
                    }
                },
                "crossover_operator": "subproblem\\_greedy",
                "result": {
                    "average": 61.39285714285716,
                    "best": 60,
                    "best_number": 3,
                    "exist": true,
                    "generations": 80.33333333333333,
                    "steps": 24130275.333333332,
                    "time": 410.118153216,
                    "total_number": 308
                },
                "wcrossover_operator": "average"
            },
            {
                "config": {
                    "rwls_stopping_criterion": {
                        "steps": 150000,
                        "time": 1.8446744073709552e+19
                    },
                    "stopping_criterion": {
                        "generation": 100,
                        "rwls_cumulative_position": {
                            "steps": 18446744073709551615,
                            "time": 1.8446744073709552e+19
                        },
                        "time": 1.8446744073709552e+19
                    }
                },
                "crossover_operator": "subproblem\\_greedy",
                "result": {
                    "average": 61.4253246753247,
                    "best": 60,
                    "best_number": 2,
                    "exist": true,
                    "generations": 25.5,
                    "steps": 7732534.5,
                    "time": 105.96679040000001,
                    "total_number": 308
                },
                "wcrossover_operator": "add"
            },
            {
                "config": {
                    "rwls_stopping_criterion": {
                        "steps": 150000,
                        "time": 1.8446744073709552e+19
                    },
                    "stopping_criterion": {
                        "generation": 100,
                        "rwls_cumulative_position": {
                            "steps": 18446744073709551615,
                            "time": 1.8446744073709552e+19
                        },
                        "time": 1.8446744073709552e+19
                    }
                },
                "crossover_operator": "subproblem\\_greedy",
                "result": {
                    "average": 61.363636363636374,
                    "best": 60,
                    "best_number": 1,
                    "exist": true,
                    "generations": 28.0,
                    "steps": 8506816.0,
                    "time": 147.460020736,
                    "total_number": 308
                },
                "wcrossover_operator": "minmax"
            },
            {
                "config": {
                    "rwls_stopping_criterion": {
                        "steps": 150000,
                        "time": 1.8446744073709552e+19
                    },
                    "stopping_criterion": {
                        "generation": 100,
                        "rwls_cumulative_position": {
                            "steps": 18446744073709551615,
                            "time": 1.8446744073709552e+19
                        },
                        "time": 1.8446744073709552e+19
                    }
                },
                "crossover_operator": "subproblem\\_greedy",
                "result": {
                    "average": 61.334415584415574,
                    "best": 60,
                    "best_number": 1,
                    "exist": true,
                    "generations": 63.0,
                    "steps": 18999508.0,
                    "time": 355.0817792,
                    "total_number": 308
                },
                "wcrossover_operator": "mix\\_random"
            },
            {
                "config": {
                    "rwls_stopping_criterion": {
                        "steps": 150000,
                        "time": 1.8446744073709552e+19
                    },
                    "stopping_criterion": {
                        "generation": 100,
                        "rwls_cumulative_position": {
                            "steps": 18446744073709551615,
                            "time": 1.8446744073709552e+19
                        },
                        "time": 1.8446744073709552e+19
                    }
                },
                "crossover_operator": "subproblem\\_greedy",
                "result": {
                    "average": 61.34415584415584,
                    "best": 61,
                    "best_number": 202,
                    "exist": true,
                    "generations": 35.54950495049505,
                    "steps": 10715079.0990099,
                    "time": 174.2244831290297,
                    "total_number": 308
                },
                "wcrossover_operator": "min"
            },
            {
                "config": {
                    "rwls_stopping_criterion": {
                        "steps": 150000,