{
    "comparison": {
        "exist": true,
        "instance": {
            "bks": 1798,
            "name": "CYC10"
        },
        "results": [
            {
                "config": {
                    "rwls_stopping_criterion": {
                        "steps": 150000,
                        "time": 1.8446744073709552e+19
                    },
                    "stopping_criterion": {
                        "generation": 18446744073709551615,
                        "rwls_cumulative_position": {
                            "steps": 18446744073709551615,
                            "time": 1.8446744073709552e+19
                        },
                        "time": 36000.0
                    }
                },
                "crossover_operator": "subproblem\\_greedy",
                "result": {
                    "average": 1813.18,
                    "best": 1808,
                    "best_number": 1,
                    "exist": true,
                    "generations": 138.0,
                    "steps": 41549355.0,
                    "time": 1657.670680576,
                    "total_number": 100
                }
            },
            {
                "config": {
                    "rwls_stopping_criterion": {
                        "steps": 150000,
                        "time": 1.8446744073709552e+19
                    },
                    "stopping_criterion": {
                        "generation": 18446744073709551615,
                        "rwls_cumulative_position": {
                            "steps": 18446744073709551615,
                            "time": 1.8446744073709552e+19
                        },
                        "time": 36000.0
                    }
                },
                "crossover_operator": "subproblem\\_random",
                "result": {
                    "average": 1812.4800000000005,
                    "best": 1810,
                    "best_number": 13,
                    "exist": true,
                    "generations": 1660.6923076923078,
                    "steps": 498351405.2307693,
                    "time": 18084.415285051076,
                    "total_number": 100
                }
            }
        ]
    }
}