{
    "comparison": {
        "exist": true,
        "instance": {
            "bks": 3968,
            "name": "CYC11"
        },
        "results": [
            {
                "config": {
                    "rwls_stopping_criterion": {
                        "steps": 500000,
                        "time": 1.8446744073709552e+19
                    },
                    "stopping_criterion": {
                        "generation": 100,
                        "rwls_cumulative_position": {
                            "steps": 18446744073709551615,
                            "time": 1.8446744073709552e+19
                        },
                        "time": 1.8446744073709552e+19
                    }
                },
                "crossover_operator": "subproblem\\_greedy",
                "result": {
                    "average": 4310.000000000001,
                    "best": 4298,
                    "best_number": 1,
                    "exist": true,
                    "generations": 23.0,
                    "steps": 23492295.0,
                    "time": 1684.640535552,
                    "total_number": 25
                }
            }
        ]
    }
}