{
    "comparison": {
        "exist": true,
        "instance": {
            "bks": 61,
            "name": "NRG.1"
        },
        "results": [
            {
                "config": {
                    "rwls_stopping_criterion": {
                        "steps": 150000,
                        "time": 1.8446744073709552e+19
                    },
                    "stopping_criterion": {
                        "generation": 100,
                        "rwls_cumulative_position": {
                            "steps": 18446744073709551615,
                            "time": 1.8446744073709552e+19
                        },
                        "time": 1.8446744073709552e+19
                    }
                },
                "crossover_operator": "subproblem\\_greedy",
                "result": {
                    "average": 61.55263157894737,
                    "best": 61,
                    "best_number": 17,
                    "exist": true,
                    "generations": 65.29411764705884,
                    "steps": 19704307.588235293,
                    "time": 1826.8143033072943,
                    "total_number": 38
                }
            }
        ]
    }
}