{
    "comparison": {
        "exist": true,
        "instance": {
            "bks": 34,
            "name": "NRH.3"
        },
        "results": [
            {
                "config": {
                    "rwls_stopping_criterion": {
                        "steps": 150000,
                        "time": 1.8446744073709552e+19
                    },
                    "stopping_criterion": {
                        "generation": 100,
                        "rwls_cumulative_position": {
                            "steps": 18446744073709551615,
                            "time": 1.8446744073709552e+19
                        },
                        "time": 1.8446744073709552e+19
                    }
                },
                "crossover_operator": "subproblem\\_greedy",
                "result": {
                    "average": 34.13793103448277,
                    "best": 34,
                    "best_number": 25,
                    "exist": true,
                    "generations": 29.919999999999998,
                    "steps": 9075980.440000001,
                    "time": 1415.6819519795201,
                    "total_number": 29
                }
            }
        ]
    }
}