{
    "comparison": {
        "exist": true,
        "instance": {
            "bks": 34,
            "name": "NRH.5"
        },
        "results": [
            {
                "config": {
                    "rwls_stopping_criterion": {
                        "steps": 150000,
                        "time": 1.8446744073709552e+19
                    },
                    "stopping_criterion": {
                        "generation": 100,
                        "rwls_cumulative_position": {
                            "steps": 18446744073709551615,
                            "time": 1.8446744073709552e+19
                        },
                        "time": 1.8446744073709552e+19
                    }
                },
                "crossover_operator": "subproblem\\_greedy",
                "result": {
                    "average": 34.074074074074076,
                    "best": 34,
                    "best_number": 25,
                    "exist": true,
                    "generations": 49.72,
                    "steps": 15015688.32,
                    "time": 2312.84538001408,
                    "total_number": 27
                }
            }
        ]
    }
}