{
    "comparison": {
        "exist": true,
        "instance": {
            "bks": 16,
            "name": "NRE.5"
        },
        "results": [
            {
                "config": {
                    "rwls_stopping_criterion": {
                        "steps": 150000,
                        "time": 1.8446744073709552e+19
                    },
                    "stopping_criterion": {
                        "generation": 100,
                        "rwls_cumulative_position": {
                            "steps": 18446744073709551615,
                            "time": 1.8446744073709552e+19
                        },
                        "time": 1.8446744073709552e+19
                    }
                },
                "crossover_operator": "subproblem\\_greedy",
                "result": {
                    "average": 16.823529411764707,
                    "best": 16,
                    "best_number": 6,
                    "exist": true,
                    "generations": 50.16666666666667,
                    "steps": 15154040.333333332,
                    "time": 1953.3354522453333,
                    "total_number": 34
                }
            }
        ]
    }
}