{
    "comparison": {
        "exist": true,
        "instance": {
            "bks": 61,
            "name": "NRG.4"
        },
        "results": [
            {
                "config": {
                    "rwls_stopping_criterion": {
                        "steps": 150000,
                        "time": 1.8446744073709552e+19
                    },
                    "stopping_criterion": {
                        "generation": 100,
                        "rwls_cumulative_position": {
                            "steps": 18446744073709551615,
                            "time": 1.8446744073709552e+19
                        },
                        "time": 1.8446744073709552e+19
                    }
                },
                "crossover_operator": "subproblem\\_greedy",
                "result": {
                    "average": 61.97368421052631,
                    "best": 61,
                    "best_number": 2,
                    "exist": true,
                    "generations": 51.0,
                    "steps": 15403836.5,
                    "time": 1269.96488,
                    "total_number": 38
                }
            }
        ]
    }
}