{
    "comparison": {
        "exist": true,
        "instance": {
            "bks": 61,
            "name": "NRG.5"
        },
        "results": [
            {
                "config": {
                    "rwls_stopping_criterion": {
                        "steps": 150000,
                        "time": 1.8446744073709552e+19
                    },
                    "stopping_criterion": {
                        "generation": 100,
                        "rwls_cumulative_position": {
                            "steps": 18446744073709551615,
                            "time": 1.8446744073709552e+19
                        },
                        "time": 1.8446744073709552e+19
                    }
                },
                "crossover_operator": "subproblem\\_greedy",
                "result": {
                    "average": 61.97222222222222,
                    "best": 61,
                    "best_number": 1,
                    "exist": true,
                    "generations": 87.0,
                    "steps": 26144996.0,
                    "time": 2146.364032,
                    "total_number": 36
                }
            }
        ]
    }
}