{
    "comparison": {
        "exist": true,
        "instance": {
            "bks": 34,
            "name": "NRH.1"
        },
        "results": [
            {
                "config": {
                    "rwls_stopping_criterion": {
                        "steps": 150000,
                        "time": 1.8446744073709552e+19
                    },
                    "stopping_criterion": {
                        "generation": 100,
                        "rwls_cumulative_position": {
                            "steps": 18446744073709551615,
                            "time": 1.8446744073709552e+19
                        },
                        "time": 1.8446744073709552e+19
                    }
                },
                "crossover_operator": "subproblem\\_greedy",
                "result": {
                    "average": 34.161290322580655,
                    "best": 34,
                    "best_number": 26,
                    "exist": true,
                    "generations": 32.11538461538461,
                    "steps": 9739307.538461536,
                    "time": 1828.0897292406157,
                    "total_number": 31
                }
            }
        ]
    }
}