{
    "comparison": {
        "exist": true,
        "instance": {
            "bks": 1798,
            "name": "CYC10"
        },
        "results": [
            {
                "config": {
                    "rwls_stopping_criterion": {
                        "steps": 500000,
                        "time": 1.8446744073709552e+19
                    },
                    "stopping_criterion": {
                        "generation": 100,
                        "rwls_cumulative_position": {
                            "steps": 18446744073709551615,
                            "time": 1.8446744073709552e+19
                        },
                        "time": 1.8446744073709552e+19
                    }
                },
                "crossover_operator": "subproblem\\_greedy",
                "result": {
                    "average": 1804.2580645161286,
                    "best": 1802,
                    "best_number": 2,
                    "exist": true,
                    "generations": 46.0,
                    "steps": 46415484.0,
                    "time": 1422.963766656,
                    "total_number": 31
                }
            }
        ]
    }
}