{
    "comparison": {
        "exist": true,
        "instance": {
            "bks": 34,
            "name": "NRH.2"
        },
        "results": [
            {
                "config": {
                    "rwls_stopping_criterion": {
                        "steps": 150000,
                        "time": 1.8446744073709552e+19
                    },
                    "stopping_criterion": {
                        "generation": 100,
                        "rwls_cumulative_position": {
                            "steps": 18446744073709551615,
                            "time": 1.8446744073709552e+19
                        },
                        "time": 1.8446744073709552e+19
                    }
                },
                "crossover_operator": "subproblem\\_greedy",
                "result": {
                    "average": 34.12903225806451,
                    "best": 34,
                    "best_number": 27,
                    "exist": true,
                    "generations": 32.70370370370371,
                    "steps": 9910781.037037037,
                    "time": 1628.2058498085928,
                    "total_number": 31
                }
            }
        ]
    }
}