{
    "comparison": {
        "exist": true,
        "instance": {
            "bks": 10,
            "name": "NRF.3"
        },
        "results": [
            {
                "config": {
                    "rwls_stopping_criterion": {
                        "steps": 150000,
                        "time": 1.8446744073709552e+19
                    },
                    "stopping_criterion": {
                        "generation": 100,
                        "rwls_cumulative_position": {
                            "steps": 18446744073709551615,
                            "time": 1.8446744073709552e+19
                        },
                        "time": 1.8446744073709552e+19
                    }
                },
                "crossover_operator": "subproblem\\_greedy",
                "result": {
                    "average": 10.0,
                    "best": 10,
                    "best_number": 34,
                    "exist": true,
                    "generations": 0.0,
                    "steps": 41591.64705882353,
                    "time": 24.834885933176473,
                    "total_number": 34
                }
            }
        ]
    }
}