{
    "comparison": {
        "exist": true,
        "instance": {
            "bks": 61,
            "name": "NRG.2"
        },
        "results": [
            {
                "config": {
                    "rwls_stopping_criterion": {
                        "steps": 150000,
                        "time": 1.8446744073709552e+19
                    },
                    "stopping_criterion": {
                        "generation": 100,
                        "rwls_cumulative_position": {
                            "steps": 18446744073709551615,
                            "time": 1.8446744073709552e+19
                        },
                        "time": 1.8446744073709552e+19
                    }
                },
                "crossover_operator": "subproblem\\_greedy",
                "result": {
                    "average": 61.540540540540555,
                    "best": 61,
                    "best_number": 17,
                    "exist": true,
                    "generations": 49.823529411764696,
                    "steps": 15055366.176470587,
                    "time": 1228.8463536489412,
                    "total_number": 37
                }
            }
        ]
    }
}