{
    "comparison": {
        "exist": true,
        "instance": {
            "bks": 16,
            "name": "NRE.1"
        },
        "results": [
            {
                "config": {
                    "rwls_stopping_criterion": {
                        "steps": 150000,
                        "time": 1.8446744073709552e+19
                    },
                    "stopping_criterion": {
                        "generation": 100,
                        "rwls_cumulative_position": {
                            "steps": 18446744073709551615,
                            "time": 1.8446744073709552e+19
                        },
                        "time": 1.8446744073709552e+19
                    }
                },
                "crossover_operator": "subproblem\\_greedy",
                "result": {
                    "average": 16.857142857142854,
                    "best": 16,
                    "best_number": 5,
                    "exist": true,
                    "generations": 35.199999999999996,
                    "steps": 10650423.4,
                    "time": 1567.8179648,
                    "total_number": 35
                }
            }
        ]
    }
}