{
    "comparison": {
        "exist": true,
        "instance": {
            "bks": 16,
            "name": "NRE.4"
        },
        "results": [
            {
                "config": {
                    "rwls_stopping_criterion": {
                        "steps": 150000,
                        "time": 1.8446744073709552e+19
                    },
                    "stopping_criterion": {
                        "generation": 100,
                        "rwls_cumulative_position": {
                            "steps": 18446744073709551615,
                            "time": 1.8446744073709552e+19
                        },
                        "time": 1.8446744073709552e+19
                    }
                },
                "crossover_operator": "subproblem\\_greedy",
                "result": {
                    "average": 16.85294117647058,
                    "best": 16,
                    "best_number": 5,
                    "exist": true,
                    "generations": 42.6,
                    "steps": 12843243.8,
                    "time": 1231.8117835776002,
                    "total_number": 34
                }
            }
        ]
    }
}